n_qubits,n_vertices,n_edges,n_matchings,matching_cx,matching_u3,matching_depth,pauli_cx,pauli_u3,pauli_depth,cx_diff,cx_ratio,graph_index,graph_type,source_file
2,4,1,1,2,5,5,2,3,5,0,1.0,0,erdos_renyi_p0_05,7graph_erdos_renyi_p0_05_4v.g6
2,4,2,2,2,6,5,2,6,5,0,1.0,1,erdos_renyi_p0_05,7graph_erdos_renyi_p0_05_4v.g6
2,4,3,3,3,8,7,3,8,7,0,1.0,2,erdos_renyi_p0_05,7graph_erdos_renyi_p0_05_4v.g6
2,4,2,1,0,1,1,0,1,1,0,,3,erdos_renyi_p0_05,7graph_erdos_renyi_p0_05_4v.g6
2,4,3,2,2,6,5,2,6,5,0,1.0,4,erdos_renyi_p0_05,7graph_erdos_renyi_p0_05_4v.g6
2,4,3,3,3,8,7,3,8,7,0,1.0,5,erdos_renyi_p0_05,7graph_erdos_renyi_p0_05_4v.g6
2,4,4,3,2,6,5,2,6,5,0,1.0,6,erdos_renyi_p0_05,7graph_erdos_renyi_p0_05_4v.g6
3,8,3,2,26,29,41,22,32,40,4,1.1818181818181819,0,erdos_renyi_p0_05,57graph_erdos_renyi_p0_05_8v.g6
3,8,1,1,9,13,16,8,12,16,1,1.125,1,erdos_renyi_p0_05,57graph_erdos_renyi_p0_05_8v.g6
3,8,2,2,17,21,28,12,18,22,5,1.4166666666666667,2,erdos_renyi_p0_05,57graph_erdos_renyi_p0_05_8v.g6
3,8,2,2,17,19,27,15,24,28,2,1.1333333333333333,3,erdos_renyi_p0_05,57graph_erdos_renyi_p0_05_8v.g6
3,8,4,3,35,35,54,20,31,37,15,1.75,4,erdos_renyi_p0_05,57graph_erdos_renyi_p0_05_8v.g6
3,8,4,2,36,40,58,23,38,43,13,1.565217391304348,5,erdos_renyi_p0_05,57graph_erdos_renyi_p0_05_8v.g6
3,8,3,2,25,29,41,21,32,40,4,1.1904761904761905,6,erdos_renyi_p0_05,57graph_erdos_renyi_p0_05_8v.g6
3,8,4,2,22,24,37,20,30,37,2,1.1,7,erdos_renyi_p0_05,57graph_erdos_renyi_p0_05_8v.g6
3,8,3,2,26,31,42,22,32,40,4,1.1818181818181819,8,erdos_renyi_p0_05,57graph_erdos_renyi_p0_05_8v.g6
3,8,4,3,34,37,54,25,41,47,9,1.36,9,erdos_renyi_p0_05,57graph_erdos_renyi_p0_05_8v.g6
3,8,3,3,26,28,43,17,31,34,9,1.5294117647058822,10,erdos_renyi_p0_05,57graph_erdos_renyi_p0_05_8v.g6
3,8,4,4,34,37,54,24,33,42,10,1.4166666666666667,11,erdos_renyi_p0_05,57graph_erdos_renyi_p0_05_8v.g6
3,8,5,3,28,31,44,18,21,31,10,1.5555555555555556,12,erdos_renyi_p0_05,57graph_erdos_renyi_p0_05_8v.g6
3,8,4,1,18,21,29,5,9,9,13,3.6,13,erdos_renyi_p0_05,57graph_erdos_renyi_p0_05_8v.g6
3,8,5,4,42,46,67,27,46,52,15,1.5555555555555556,14,erdos_renyi_p0_05,57graph_erdos_renyi_p0_05_8v.g6
3,8,4,3,32,32,49,15,22,28,17,2.1333333333333333,15,erdos_renyi_p0_05,57graph_erdos_renyi_p0_05_8v.g6
3,8,5,4,38,49,63,24,39,47,14,1.5833333333333333,16,erdos_renyi_p0_05,57graph_erdos_renyi_p0_05_8v.g6
3,8,5,4,42,46,66,24,35,43,18,1.75,17,erdos_renyi_p0_05,57graph_erdos_renyi_p0_05_8v.g6
3,8,5,4,45,48,73,29,48,55,16,1.5517241379310345,18,erdos_renyi_p0_05,57graph_erdos_renyi_p0_05_8v.g6
3,8,4,2,19,25,31,11,13,18,8,1.7272727272727273,19,erdos_renyi_p0_05,57graph_erdos_renyi_p0_05_8v.g6
3,8,4,3,17,20,28,21,33,38,-4,0.8095238095238095,20,erdos_renyi_p0_05,57graph_erdos_renyi_p0_05_8v.g6
3,8,4,4,35,38,57,24,43,47,11,1.4583333333333333,21,erdos_renyi_p0_05,57graph_erdos_renyi_p0_05_8v.g6
3,8,6,4,53,58,85,22,33,41,31,2.409090909090909,22,erdos_renyi_p0_05,57graph_erdos_renyi_p0_05_8v.g6
3,8,5,3,41,43,66,15,30,30,26,2.7333333333333334,23,erdos_renyi_p0_05,57graph_erdos_renyi_p0_05_8v.g6
3,8,5,4,32,32,52,16,32,32,16,2.0,24,erdos_renyi_p0_05,57graph_erdos_renyi_p0_05_8v.g6
3,8,7,5,55,62,90,25,47,49,30,2.2,25,erdos_renyi_p0_05,57graph_erdos_renyi_p0_05_8v.g6
3,8,6,4,52,55,83,17,23,30,35,3.0588235294117645,26,erdos_renyi_p0_05,57graph_erdos_renyi_p0_05_8v.g6
3,8,5,3,39,45,63,23,33,42,16,1.6956521739130435,27,erdos_renyi_p0_05,57graph_erdos_renyi_p0_05_8v.g6
3,8,3,3,28,31,46,22,31,39,6,1.2727272727272727,28,erdos_renyi_p0_05,57graph_erdos_renyi_p0_05_8v.g6
3,8,8,5,52,58,86,27,42,50,25,1.9259259259259258,29,erdos_renyi_p0_05,57graph_erdos_renyi_p0_05_8v.g6
3,8,5,4,43,51,70,20,37,40,23,2.15,30,erdos_renyi_p0_05,57graph_erdos_renyi_p0_05_8v.g6
3,8,5,3,33,36,55,10,18,20,23,3.3,31,erdos_renyi_p0_05,57graph_erdos_renyi_p0_05_8v.g6
3,8,6,4,49,56,77,27,44,49,22,1.8148148148148149,32,erdos_renyi_p0_05,57graph_erdos_renyi_p0_05_8v.g6
3,8,6,3,37,43,60,20,31,37,17,1.85,33,erdos_renyi_p0_05,57graph_erdos_renyi_p0_05_8v.g6
3,8,5,4,46,48,73,27,48,52,19,1.7037037037037037,34,erdos_renyi_p0_05,57graph_erdos_renyi_p0_05_8v.g6
3,8,4,4,35,38,57,27,45,50,8,1.2962962962962963,35,erdos_renyi_p0_05,57graph_erdos_renyi_p0_05_8v.g6
3,8,6,5,35,38,55,26,38,47,9,1.3461538461538463,36,erdos_renyi_p0_05,57graph_erdos_renyi_p0_05_8v.g6
3,8,6,4,35,39,56,16,25,32,19,2.1875,37,erdos_renyi_p0_05,57graph_erdos_renyi_p0_05_8v.g6
3,8,8,5,38,46,63,26,43,50,12,1.4615384615384615,38,erdos_renyi_p0_05,57graph_erdos_renyi_p0_05_8v.g6
3,8,5,3,27,33,46,21,34,42,6,1.2857142857142858,39,erdos_renyi_p0_05,57graph_erdos_renyi_p0_05_8v.g6
3,8,5,3,44,49,71,21,37,41,23,2.0952380952380953,40,erdos_renyi_p0_05,57graph_erdos_renyi_p0_05_8v.g6
3,8,6,5,34,43,55,24,36,44,10,1.4166666666666667,41,erdos_renyi_p0_05,57graph_erdos_renyi_p0_05_8v.g6
3,8,5,4,45,51,73,27,39,49,18,1.6666666666666667,42,erdos_renyi_p0_05,57graph_erdos_renyi_p0_05_8v.g6
3,8,5,5,40,45,65,24,40,47,16,1.6666666666666667,43,erdos_renyi_p0_05,57graph_erdos_renyi_p0_05_8v.g6
3,8,5,2,30,33,48,18,32,35,12,1.6666666666666667,44,erdos_renyi_p0_05,57graph_erdos_renyi_p0_05_8v.g6
3,8,6,4,21,28,36,17,29,33,4,1.2352941176470589,45,erdos_renyi_p0_05,57graph_erdos_renyi_p0_05_8v.g6
3,8,6,4,39,45,65,27,44,50,12,1.4444444444444444,46,erdos_renyi_p0_05,57graph_erdos_renyi_p0_05_8v.g6
3,8,6,3,50,60,83,16,30,31,34,3.125,47,erdos_renyi_p0_05,57graph_erdos_renyi_p0_05_8v.g6
3,8,5,4,25,34,43,27,38,47,-2,0.9259259259259259,48,erdos_renyi_p0_05,57graph_erdos_renyi_p0_05_8v.g6
3,8,6,5,50,53,79,21,36,42,29,2.380952380952381,49,erdos_renyi_p0_05,57graph_erdos_renyi_p0_05_8v.g6
3,8,6,4,52,55,83,23,39,43,29,2.260869565217391,50,erdos_renyi_p0_05,57graph_erdos_renyi_p0_05_8v.g6
3,8,6,5,39,42,64,25,43,48,14,1.56,51,erdos_renyi_p0_05,57graph_erdos_renyi_p0_05_8v.g6
3,8,7,5,63,70,101,30,50,57,33,2.1,52,erdos_renyi_p0_05,57graph_erdos_renyi_p0_05_8v.g6
3,8,6,3,35,40,57,18,32,35,17,1.9444444444444444,53,erdos_renyi_p0_05,57graph_erdos_renyi_p0_05_8v.g6
3,8,6,4,21,24,35,14,24,27,7,1.5,54,erdos_renyi_p0_05,57graph_erdos_renyi_p0_05_8v.g6
3,8,5,4,43,46,69,29,48,55,14,1.4827586206896552,55,erdos_renyi_p0_05,57graph_erdos_renyi_p0_05_8v.g6
3,8,6,5,39,41,63,27,47,51,12,1.4444444444444444,56,erdos_renyi_p0_05,57graph_erdos_renyi_p0_05_8v.g6
4,16,9,4,91,83,135,71,84,118,20,1.2816901408450705,0,erdos_renyi_p0_05,100graph_erdos_renyi_p0_05_16v.g6
4,16,5,3,108,92,151,88,119,150,20,1.2272727272727273,1,erdos_renyi_p0_05,100graph_erdos_renyi_p0_05_16v.g6
4,16,1,1,22,17,31,20,22,33,2,1.1,2,erdos_renyi_p0_05,100graph_erdos_renyi_p0_05_16v.g6
4,16,7,4,118,107,173,109,117,176,9,1.0825688073394495,3,erdos_renyi_p0_05,100graph_erdos_renyi_p0_05_16v.g6
4,16,6,3,125,111,181,91,129,156,34,1.3736263736263736,4,erdos_renyi_p0_05,100graph_erdos_renyi_p0_05_16v.g6
4,16,4,2,88,71,125,47,69,83,41,1.872340425531915,5,erdos_renyi_p0_05,100graph_erdos_renyi_p0_05_16v.g6
4,16,3,1,64,57,93,86,111,141,-22,0.7441860465116279,6,erdos_renyi_p0_05,100graph_erdos_renyi_p0_05_16v.g6
4,16,6,4,94,82,135,77,96,126,17,1.2207792207792207,7,erdos_renyi_p0_05,100graph_erdos_renyi_p0_05_16v.g6
4,16,11,4,207,172,299,96,156,174,111,2.15625,8,erdos_renyi_p0_05,100graph_erdos_renyi_p0_05_16v.g6
4,16,8,3,140,118,201,88,139,161,52,1.5909090909090908,9,erdos_renyi_p0_05,100graph_erdos_renyi_p0_05_16v.g6
4,16,2,2,45,37,65,50,62,82,-5,0.9,10,erdos_renyi_p0_05,100graph_erdos_renyi_p0_05_16v.g6
4,16,8,5,170,142,244,85,123,149,85,2.0,11,erdos_renyi_p0_05,100graph_erdos_renyi_p0_05_16v.g6
4,16,7,4,152,128,212,111,173,198,41,1.3693693693693694,12,erdos_renyi_p0_05,100graph_erdos_renyi_p0_05_16v.g6
4,16,11,5,239,205,346,121,185,213,118,1.975206611570248,13,erdos_renyi_p0_05,100graph_erdos_renyi_p0_05_16v.g6
4,16,10,6,182,151,252,104,156,187,78,1.75,14,erdos_renyi_p0_05,100graph_erdos_renyi_p0_05_16v.g6
4,16,4,3,83,68,120,56,68,94,27,1.4821428571428572,15,erdos_renyi_p0_05,100graph_erdos_renyi_p0_05_16v.g6
4,16,7,3,151,126,213,83,82,130,68,1.819277108433735,16,erdos_renyi_p0_05,100graph_erdos_renyi_p0_05_16v.g6
4,16,6,3,60,54,88,56,79,100,4,1.0714285714285714,17,erdos_renyi_p0_05,100graph_erdos_renyi_p0_05_16v.g6
4,16,6,2,131,111,189,59,97,106,72,2.2203389830508473,18,erdos_renyi_p0_05,100graph_erdos_renyi_p0_05_16v.g6
4,16,7,2,87,76,128,83,102,136,4,1.0481927710843373,19,erdos_renyi_p0_05,100graph_erdos_renyi_p0_05_16v.g6
4,16,7,4,144,122,205,91,122,157,53,1.5824175824175823,20,erdos_renyi_p0_05,100graph_erdos_renyi_p0_05_16v.g6
4,16,3,3,63,54,91,54,55,85,9,1.1666666666666667,21,erdos_renyi_p0_05,100graph_erdos_renyi_p0_05_16v.g6
4,16,11,6,173,148,248,99,133,169,74,1.7474747474747474,22,erdos_renyi_p0_05,100graph_erdos_renyi_p0_05_16v.g6
4,16,8,4,142,123,207,80,116,143,62,1.775,23,erdos_renyi_p0_05,100graph_erdos_renyi_p0_05_16v.g6
4,16,9,4,166,132,238,81,107,137,85,2.049382716049383,24,erdos_renyi_p0_05,100graph_erdos_renyi_p0_05_16v.g6
4,16,8,4,138,120,201,91,135,162,47,1.5164835164835164,25,erdos_renyi_p0_05,100graph_erdos_renyi_p0_05_16v.g6
4,16,10,4,185,150,263,75,130,141,110,2.466666666666667,26,erdos_renyi_p0_05,100graph_erdos_renyi_p0_05_16v.g6
4,16,5,2,107,93,156,66,61,107,41,1.621212121212121,27,erdos_renyi_p0_05,100graph_erdos_renyi_p0_05_16v.g6
4,16,8,4,135,116,194,67,104,125,68,2.014925373134328,28,erdos_renyi_p0_05,100graph_erdos_renyi_p0_05_16v.g6
4,16,7,2,148,123,210,83,126,150,65,1.783132530120482,29,erdos_renyi_p0_05,100graph_erdos_renyi_p0_05_16v.g6
4,16,2,2,45,38,65,49,53,79,-4,0.9183673469387755,30,erdos_renyi_p0_05,100graph_erdos_renyi_p0_05_16v.g6
4,16,5,3,105,91,152,91,127,160,14,1.1538461538461537,31,erdos_renyi_p0_05,100graph_erdos_renyi_p0_05_16v.g6
4,16,7,5,146,120,204,110,157,192,36,1.3272727272727274,32,erdos_renyi_p0_05,100graph_erdos_renyi_p0_05_16v.g6
4,16,5,4,105,88,148,102,122,167,3,1.0294117647058822,33,erdos_renyi_p0_05,100graph_erdos_renyi_p0_05_16v.g6
4,16,8,4,167,141,238,79,120,141,88,2.1139240506329116,34,erdos_renyi_p0_05,100graph_erdos_renyi_p0_05_16v.g6
4,16,6,4,126,104,179,79,103,132,47,1.5949367088607596,35,erdos_renyi_p0_05,100graph_erdos_renyi_p0_05_16v.g6
4,16,9,5,160,133,228,111,170,201,49,1.4414414414414414,36,erdos_renyi_p0_05,100graph_erdos_renyi_p0_05_16v.g6
4,16,4,3,86,72,122,68,67,106,18,1.2647058823529411,37,erdos_renyi_p0_05,100graph_erdos_renyi_p0_05_16v.g6
4,16,8,5,136,113,194,86,122,150,50,1.5813953488372092,38,erdos_renyi_p0_05,100graph_erdos_renyi_p0_05_16v.g6
4,16,8,2,138,123,198,92,112,152,46,1.5,39,erdos_renyi_p0_05,100graph_erdos_renyi_p0_05_16v.g6
4,16,9,4,126,112,184,69,107,122,57,1.826086956521739,40,erdos_renyi_p0_05,100graph_erdos_renyi_p0_05_16v.g6
4,16,11,5,242,211,347,129,186,226,113,1.875968992248062,41,erdos_renyi_p0_05,100graph_erdos_renyi_p0_05_16v.g6
4,16,6,2,128,108,185,70,109,125,58,1.8285714285714285,42,erdos_renyi_p0_05,100graph_erdos_renyi_p0_05_16v.g6
4,16,4,3,86,74,124,67,94,120,19,1.2835820895522387,43,erdos_renyi_p0_05,100graph_erdos_renyi_p0_05_16v.g6
4,16,5,3,109,89,153,85,126,151,24,1.2823529411764707,44,erdos_renyi_p0_05,100graph_erdos_renyi_p0_05_16v.g6
4,16,7,3,148,130,213,76,99,129,72,1.9473684210526316,45,erdos_renyi_p0_05,100graph_erdos_renyi_p0_05_16v.g6
4,16,6,3,123,105,178,58,67,93,65,2.1206896551724137,46,erdos_renyi_p0_05,100graph_erdos_renyi_p0_05_16v.g6
4,16,8,5,138,108,192,68,104,123,70,2.0294117647058822,47,erdos_renyi_p0_05,100graph_erdos_renyi_p0_05_16v.g6
4,16,4,3,83,70,120,78,77,120,5,1.064102564102564,48,erdos_renyi_p0_05,100graph_erdos_renyi_p0_05_16v.g6
4,16,8,4,141,121,204,68,93,114,73,2.073529411764706,49,erdos_renyi_p0_05,100graph_erdos_renyi_p0_05_16v.g6
4,16,6,2,98,76,140,55,65,91,43,1.7818181818181817,50,erdos_renyi_p0_05,100graph_erdos_renyi_p0_05_16v.g6
4,16,6,4,63,52,91,73,101,123,-10,0.863013698630137,51,erdos_renyi_p0_05,100graph_erdos_renyi_p0_05_16v.g6
4,16,9,5,194,166,273,111,153,195,83,1.7477477477477477,52,erdos_renyi_p0_05,100graph_erdos_renyi_p0_05_16v.g6
4,16,6,3,97,83,141,88,126,153,9,1.1022727272727273,53,erdos_renyi_p0_05,100graph_erdos_renyi_p0_05_16v.g6
4,16,9,4,194,160,273,98,133,171,96,1.9795918367346939,54,erdos_renyi_p0_05,100graph_erdos_renyi_p0_05_16v.g6
4,16,8,3,174,150,251,99,151,173,75,1.7575757575757576,55,erdos_renyi_p0_05,100graph_erdos_renyi_p0_05_16v.g6
4,16,6,4,132,107,190,66,106,119,66,2.0,56,erdos_renyi_p0_05,100graph_erdos_renyi_p0_05_16v.g6
4,16,5,3,106,92,154,83,99,136,23,1.2771084337349397,57,erdos_renyi_p0_05,100graph_erdos_renyi_p0_05_16v.g6
4,16,7,3,121,97,174,99,151,174,22,1.2222222222222223,58,erdos_renyi_p0_05,100graph_erdos_renyi_p0_05_16v.g6
4,16,9,3,187,161,268,93,114,155,94,2.010752688172043,59,erdos_renyi_p0_05,100graph_erdos_renyi_p0_05_16v.g6
4,16,8,4,178,152,256,80,128,145,98,2.225,60,erdos_renyi_p0_05,100graph_erdos_renyi_p0_05_16v.g6
4,16,6,2,96,87,141,112,143,184,-16,0.8571428571428571,61,erdos_renyi_p0_05,100graph_erdos_renyi_p0_05_16v.g6
4,16,9,4,188,162,269,105,127,177,83,1.7904761904761906,62,erdos_renyi_p0_05,100graph_erdos_renyi_p0_05_16v.g6
4,16,7,5,114,94,160,85,96,138,29,1.3411764705882352,63,erdos_renyi_p0_05,100graph_erdos_renyi_p0_05_16v.g6
4,16,7,4,147,128,211,92,130,159,55,1.5978260869565217,64,erdos_renyi_p0_05,100graph_erdos_renyi_p0_05_16v.g6
4,16,8,4,171,142,242,98,144,174,73,1.7448979591836735,65,erdos_renyi_p0_05,100graph_erdos_renyi_p0_05_16v.g6
4,16,8,4,102,92,149,93,98,148,9,1.096774193548387,66,erdos_renyi_p0_05,100graph_erdos_renyi_p0_05_16v.g6
4,16,3,2,66,56,96,71,95,117,-5,0.9295774647887324,67,erdos_renyi_p0_05,100graph_erdos_renyi_p0_05_16v.g6
4,16,8,3,174,146,248,125,164,211,49,1.392,68,erdos_renyi_p0_05,100graph_erdos_renyi_p0_05_16v.g6
4,16,8,4,137,118,195,92,135,160,45,1.4891304347826086,69,erdos_renyi_p0_05,100graph_erdos_renyi_p0_05_16v.g6
4,16,7,3,118,103,173,85,121,150,33,1.388235294117647,70,erdos_renyi_p0_05,100graph_erdos_renyi_p0_05_16v.g6
4,16,7,4,149,125,214,94,139,162,55,1.5851063829787233,71,erdos_renyi_p0_05,100graph_erdos_renyi_p0_05_16v.g6
4,16,8,4,100,86,141,57,66,92,43,1.7543859649122806,72,erdos_renyi_p0_05,100graph_erdos_renyi_p0_05_16v.g6
4,16,7,3,154,122,220,118,182,210,36,1.305084745762712,73,erdos_renyi_p0_05,100graph_erdos_renyi_p0_05_16v.g6
4,16,11,7,199,169,285,100,147,176,99,1.99,74,erdos_renyi_p0_05,100graph_erdos_renyi_p0_05_16v.g6
4,16,8,5,176,143,251,117,174,207,59,1.5042735042735043,75,erdos_renyi_p0_05,100graph_erdos_renyi_p0_05_16v.g6
4,16,4,2,87,72,125,66,94,119,21,1.3181818181818181,76,erdos_renyi_p0_05,100graph_erdos_renyi_p0_05_16v.g6
4,16,7,5,151,130,217,92,150,172,59,1.641304347826087,77,erdos_renyi_p0_05,100graph_erdos_renyi_p0_05_16v.g6
4,16,5,4,108,86,154,90,117,151,18,1.2,78,erdos_renyi_p0_05,100graph_erdos_renyi_p0_05_16v.g6
4,16,8,4,175,143,252,99,160,179,76,1.7676767676767677,79,erdos_renyi_p0_05,100graph_erdos_renyi_p0_05_16v.g6
4,16,7,4,117,97,168,94,113,154,23,1.2446808510638299,80,erdos_renyi_p0_05,100graph_erdos_renyi_p0_05_16v.g6
4,16,7,3,116,102,169,97,129,166,19,1.1958762886597938,81,erdos_renyi_p0_05,100graph_erdos_renyi_p0_05_16v.g6
4,16,5,2,108,88,153,71,107,130,37,1.5211267605633803,82,erdos_renyi_p0_05,100graph_erdos_renyi_p0_05_16v.g6
4,16,7,4,151,132,216,98,135,166,53,1.5408163265306123,83,erdos_renyi_p0_05,100graph_erdos_renyi_p0_05_16v.g6
4,16,5,3,107,90,155,95,127,161,12,1.1263157894736842,84,erdos_renyi_p0_05,100graph_erdos_renyi_p0_05_16v.g6
4,16,7,4,118,100,170,102,150,183,16,1.1568627450980393,85,erdos_renyi_p0_05,100graph_erdos_renyi_p0_05_16v.g6
4,16,6,3,130,117,185,93,134,165,37,1.3978494623655915,86,erdos_renyi_p0_05,100graph_erdos_renyi_p0_05_16v.g6
4,16,6,3,127,103,181,84,132,152,43,1.5119047619047619,87,erdos_renyi_p0_05,100graph_erdos_renyi_p0_05_16v.g6
4,16,9,4,191,168,277,107,139,181,84,1.7850467289719627,88,erdos_renyi_p0_05,100graph_erdos_renyi_p0_05_16v.g6
4,16,10,5,180,149,258,95,145,169,85,1.894736842105263,89,erdos_renyi_p0_05,100graph_erdos_renyi_p0_05_16v.g6
4,16,8,5,171,146,242,125,159,210,46,1.368,90,erdos_renyi_p0_05,100graph_erdos_renyi_p0_05_16v.g6
4,16,7,4,157,128,224,107,142,179,50,1.4672897196261683,91,erdos_renyi_p0_05,100graph_erdos_renyi_p0_05_16v.g6
4,16,7,6,146,121,199,93,142,169,53,1.5698924731182795,92,erdos_renyi_p0_05,100graph_erdos_renyi_p0_05_16v.g6
4,16,7,3,115,100,166,83,92,133,32,1.3855421686746987,93,erdos_renyi_p0_05,100graph_erdos_renyi_p0_05_16v.g6
4,16,8,3,177,149,255,104,134,176,73,1.7019230769230769,94,erdos_renyi_p0_05,100graph_erdos_renyi_p0_05_16v.g6
4,16,8,3,143,120,207,64,80,107,79,2.234375,95,erdos_renyi_p0_05,100graph_erdos_renyi_p0_05_16v.g6
4,16,10,5,212,172,303,130,203,229,82,1.6307692307692307,96,erdos_renyi_p0_05,100graph_erdos_renyi_p0_05_16v.g6
4,16,6,3,132,109,188,83,123,145,49,1.5903614457831325,97,erdos_renyi_p0_05,100graph_erdos_renyi_p0_05_16v.g6
4,16,7,2,120,103,173,57,85,104,63,2.1052631578947367,98,erdos_renyi_p0_05,100graph_erdos_renyi_p0_05_16v.g6
4,16,8,3,171,139,243,92,126,159,79,1.858695652173913,99,erdos_renyi_p0_05,100graph_erdos_renyi_p0_05_16v.g6
5,32,23,6,553,571,751,420,606,736,133,1.3166666666666667,0,erdos_renyi_p0_05,100graph_erdos_renyi_p0_05_32v.g6
5,32,21,6,556,603,764,451,640,783,105,1.2328159645232817,1,erdos_renyi_p0_05,100graph_erdos_renyi_p0_05_32v.g6
5,32,27,6,722,768,984,475,740,852,247,1.52,2,erdos_renyi_p0_05,100graph_erdos_renyi_p0_05_32v.g6
5,32,26,7,644,702,886,449,696,815,195,1.4342984409799555,3,erdos_renyi_p0_05,100graph_erdos_renyi_p0_05_32v.g6
5,32,25,6,627,666,866,426,648,756,201,1.471830985915493,4,erdos_renyi_p0_05,100graph_erdos_renyi_p0_05_32v.g6
5,32,30,8,798,836,1098,544,843,976,254,1.4669117647058822,5,erdos_renyi_p0_05,100graph_erdos_renyi_p0_05_32v.g6
5,32,21,8,548,587,754,454,673,795,94,1.2070484581497798,6,erdos_renyi_p0_05,100graph_erdos_renyi_p0_05_32v.g6
5,32,22,5,576,626,783,465,655,817,111,1.238709677419355,7,erdos_renyi_p0_05,100graph_erdos_renyi_p0_05_32v.g6
5,32,21,7,530,557,723,441,579,755,89,1.2018140589569162,8,erdos_renyi_p0_05,100graph_erdos_renyi_p0_05_32v.g6
5,32,28,7,708,735,972,478,750,852,230,1.4811715481171548,9,erdos_renyi_p0_05,100graph_erdos_renyi_p0_05_32v.g6
5,32,41,7,1017,1044,1391,513,787,919,504,1.9824561403508771,10,erdos_renyi_p0_05,100graph_erdos_renyi_p0_05_32v.g6
5,32,22,6,508,531,697,383,593,703,125,1.3263707571801566,11,erdos_renyi_p0_05,100graph_erdos_renyi_p0_05_32v.g6
5,32,31,7,759,799,1036,468,676,811,291,1.6217948717948718,12,erdos_renyi_p0_05,100graph_erdos_renyi_p0_05_32v.g6
5,32,22,5,602,623,816,455,714,819,147,1.323076923076923,13,erdos_renyi_p0_05,100graph_erdos_renyi_p0_05_32v.g6
5,32,28,10,672,707,923,498,726,861,174,1.3493975903614457,14,erdos_renyi_p0_05,100graph_erdos_renyi_p0_05_32v.g6
5,32,25,8,599,625,818,453,696,802,146,1.3222958057395144,15,erdos_renyi_p0_05,100graph_erdos_renyi_p0_05_32v.g6
5,32,23,6,618,641,839,492,748,869,126,1.2560975609756098,16,erdos_renyi_p0_05,100graph_erdos_renyi_p0_05_32v.g6
5,32,24,7,591,626,808,488,765,871,103,1.2110655737704918,17,erdos_renyi_p0_05,100graph_erdos_renyi_p0_05_32v.g6
5,32,31,8,773,805,1060,473,664,833,300,1.6342494714587739,18,erdos_renyi_p0_05,100graph_erdos_renyi_p0_05_32v.g6
5,32,21,7,554,594,762,511,778,909,43,1.0841487279843445,19,erdos_renyi_p0_05,100graph_erdos_renyi_p0_05_32v.g6
5,32,24,7,640,668,875,467,715,841,173,1.3704496788008564,20,erdos_renyi_p0_05,100graph_erdos_renyi_p0_05_32v.g6
5,32,31,7,693,724,957,461,741,846,232,1.5032537960954446,21,erdos_renyi_p0_05,100graph_erdos_renyi_p0_05_32v.g6
5,32,18,6,419,443,574,397,581,700,22,1.0554156171284634,22,erdos_renyi_p0_05,100graph_erdos_renyi_p0_05_32v.g6
5,32,19,6,498,537,682,433,655,766,65,1.1501154734411085,23,erdos_renyi_p0_05,100graph_erdos_renyi_p0_05_32v.g6
5,32,30,7,776,799,1056,473,705,832,303,1.6405919661733614,24,erdos_renyi_p0_05,100graph_erdos_renyi_p0_05_32v.g6
5,32,15,5,335,346,455,332,483,582,3,1.0090361445783131,25,erdos_renyi_p0_05,100graph_erdos_renyi_p0_05_32v.g6
5,32,25,8,678,697,927,504,727,872,174,1.3452380952380953,26,erdos_renyi_p0_05,100graph_erdos_renyi_p0_05_32v.g6
5,32,31,9,778,836,1065,436,651,770,342,1.7844036697247707,27,erdos_renyi_p0_05,100graph_erdos_renyi_p0_05_32v.g6
5,32,25,7,668,709,911,427,559,717,241,1.5644028103044496,28,erdos_renyi_p0_05,100graph_erdos_renyi_p0_05_32v.g6
5,32,23,7,549,579,756,427,619,747,122,1.2857142857142858,29,erdos_renyi_p0_05,100graph_erdos_renyi_p0_05_32v.g6
5,32,33,9,816,852,1116,538,812,960,278,1.516728624535316,30,erdos_renyi_p0_05,100graph_erdos_renyi_p0_05_32v.g6
5,32,39,10,962,1021,1308,455,708,810,507,2.1142857142857143,31,erdos_renyi_p0_05,100graph_erdos_renyi_p0_05_32v.g6
5,32,29,7,764,818,1049,534,812,942,230,1.4307116104868913,32,erdos_renyi_p0_05,100graph_erdos_renyi_p0_05_32v.g6
5,32,21,6,560,594,768,438,618,759,122,1.278538812785388,33,erdos_renyi_p0_05,100graph_erdos_renyi_p0_05_32v.g6
5,32,25,7,635,669,873,452,666,790,183,1.404867256637168,34,erdos_renyi_p0_05,100graph_erdos_renyi_p0_05_32v.g6
5,32,23,4,601,613,822,445,652,769,156,1.350561797752809,35,erdos_renyi_p0_05,100graph_erdos_renyi_p0_05_32v.g6
5,32,27,9,658,686,904,445,716,803,213,1.4786516853932585,36,erdos_renyi_p0_05,100graph_erdos_renyi_p0_05_32v.g6
5,32,22,5,561,582,768,428,557,718,133,1.310747663551402,37,erdos_renyi_p0_05,100graph_erdos_renyi_p0_05_32v.g6
5,32,16,7,386,406,534,362,493,615,24,1.0662983425414365,38,erdos_renyi_p0_05,100graph_erdos_renyi_p0_05_32v.g6
5,32,26,6,692,728,945,502,789,899,190,1.3784860557768925,39,erdos_renyi_p0_05,100graph_erdos_renyi_p0_05_32v.g6
5,32,22,5,531,546,726,448,699,808,83,1.1852678571428572,40,erdos_renyi_p0_05,100graph_erdos_renyi_p0_05_32v.g6
5,32,30,10,788,822,1071,559,832,986,229,1.4096601073345258,41,erdos_renyi_p0_05,100graph_erdos_renyi_p0_05_32v.g6
5,32,27,7,664,722,921,430,664,779,234,1.544186046511628,42,erdos_renyi_p0_05,100graph_erdos_renyi_p0_05_32v.g6
5,32,25,5,602,639,818,483,687,835,119,1.2463768115942029,43,erdos_renyi_p0_05,100graph_erdos_renyi_p0_05_32v.g6
5,32,30,9,740,764,1006,472,658,820,268,1.5677966101694916,44,erdos_renyi_p0_05,100graph_erdos_renyi_p0_05_32v.g6
5,32,23,6,580,611,794,430,624,750,150,1.3488372093023255,45,erdos_renyi_p0_05,100graph_erdos_renyi_p0_05_32v.g6
5,32,30,5,802,841,1090,491,762,874,311,1.6334012219959266,46,erdos_renyi_p0_05,100graph_erdos_renyi_p0_05_32v.g6
5,32,19,5,516,528,705,401,572,687,115,1.286783042394015,47,erdos_renyi_p0_05,100graph_erdos_renyi_p0_05_32v.g6
5,32,26,6,694,746,956,472,726,841,222,1.4703389830508475,48,erdos_renyi_p0_05,100graph_erdos_renyi_p0_05_32v.g6
5,32,29,9,610,615,832,498,683,852,112,1.2248995983935742,49,erdos_renyi_p0_05,100graph_erdos_renyi_p0_05_32v.g6
5,32,14,5,358,395,502,402,587,705,-44,0.8905472636815921,50,erdos_renyi_p0_05,100graph_erdos_renyi_p0_05_32v.g6
5,32,27,7,674,722,927,467,711,838,207,1.443254817987152,51,erdos_renyi_p0_05,100graph_erdos_renyi_p0_05_32v.g6
5,32,27,6,655,684,898,539,855,972,116,1.215213358070501,52,erdos_renyi_p0_05,100graph_erdos_renyi_p0_05_32v.g6
5,32,21,7,456,470,623,418,637,746,38,1.0909090909090908,53,erdos_renyi_p0_05,100graph_erdos_renyi_p0_05_32v.g6
5,32,31,8,760,795,1038,538,845,967,222,1.412639405204461,54,erdos_renyi_p0_05,100graph_erdos_renyi_p0_05_32v.g6
5,32,26,8,702,734,954,485,700,844,217,1.447422680412371,55,erdos_renyi_p0_05,100graph_erdos_renyi_p0_05_32v.g6
5,32,22,6,564,584,776,409,614,725,155,1.3789731051344742,56,erdos_renyi_p0_05,100graph_erdos_renyi_p0_05_32v.g6
5,32,26,8,684,720,937,471,676,823,213,1.4522292993630572,57,erdos_renyi_p0_05,100graph_erdos_renyi_p0_05_32v.g6
5,32,21,6,541,551,736,394,628,712,147,1.3730964467005076,58,erdos_renyi_p0_05,100graph_erdos_renyi_p0_05_32v.g6
5,32,29,8,659,694,900,468,669,806,191,1.4081196581196582,59,erdos_renyi_p0_05,100graph_erdos_renyi_p0_05_32v.g6
5,32,31,6,850,880,1149,575,869,1015,275,1.4782608695652173,60,erdos_renyi_p0_05,100graph_erdos_renyi_p0_05_32v.g6
5,32,26,6,668,708,917,452,720,814,216,1.4778761061946903,61,erdos_renyi_p0_05,100graph_erdos_renyi_p0_05_32v.g6
5,32,16,5,426,458,581,300,426,521,126,1.42,62,erdos_renyi_p0_05,100graph_erdos_renyi_p0_05_32v.g6
5,32,31,8,785,841,1085,522,805,941,263,1.503831417624521,63,erdos_renyi_p0_05,100graph_erdos_renyi_p0_05_32v.g6
5,32,16,4,426,451,586,394,493,654,32,1.0812182741116751,64,erdos_renyi_p0_05,100graph_erdos_renyi_p0_05_32v.g6
5,32,30,9,792,842,1086,524,778,922,268,1.5114503816793894,65,erdos_renyi_p0_05,100graph_erdos_renyi_p0_05_32v.g6
5,32,26,8,625,662,863,476,716,845,149,1.3130252100840336,66,erdos_renyi_p0_05,100graph_erdos_renyi_p0_05_32v.g6
5,32,22,6,556,574,758,511,712,874,45,1.0880626223091976,67,erdos_renyi_p0_05,100graph_erdos_renyi_p0_05_32v.g6
5,32,25,7,684,702,938,443,633,765,241,1.5440180586907448,68,erdos_renyi_p0_05,100graph_erdos_renyi_p0_05_32v.g6
5,32,22,5,608,624,830,345,483,587,263,1.76231884057971,69,erdos_renyi_p0_05,100graph_erdos_renyi_p0_05_32v.g6
5,32,20,5,546,566,736,460,702,816,86,1.1869565217391305,70,erdos_renyi_p0_05,100graph_erdos_renyi_p0_05_32v.g6
5,32,23,7,542,573,755,489,753,880,53,1.1083844580777096,71,erdos_renyi_p0_05,100graph_erdos_renyi_p0_05_32v.g6
5,32,23,7,622,640,849,504,684,852,118,1.2341269841269842,72,erdos_renyi_p0_05,100graph_erdos_renyi_p0_05_32v.g6
5,32,26,7,637,667,874,511,736,880,126,1.2465753424657535,73,erdos_renyi_p0_05,100graph_erdos_renyi_p0_05_32v.g6
5,32,23,7,579,610,793,459,650,803,120,1.261437908496732,74,erdos_renyi_p0_05,100graph_erdos_renyi_p0_05_32v.g6
5,32,19,6,474,499,643,458,622,768,16,1.034934497816594,75,erdos_renyi_p0_05,100graph_erdos_renyi_p0_05_32v.g6
5,32,31,7,802,826,1094,520,758,909,282,1.5423076923076924,76,erdos_renyi_p0_05,100graph_erdos_renyi_p0_05_32v.g6
5,32,24,6,547,556,751,492,740,859,55,1.1117886178861789,77,erdos_renyi_p0_05,100graph_erdos_renyi_p0_05_32v.g6
5,32,36,8,884,923,1209,505,758,892,379,1.7504950495049505,78,erdos_renyi_p0_05,100graph_erdos_renyi_p0_05_32v.g6
5,32,23,5,528,534,719,410,593,714,118,1.2878048780487805,79,erdos_renyi_p0_05,100graph_erdos_renyi_p0_05_32v.g6
5,32,26,7,630,658,865,515,778,917,115,1.2233009708737863,80,erdos_renyi_p0_05,100graph_erdos_renyi_p0_05_32v.g6
5,32,36,10,916,966,1247,541,884,990,375,1.6931608133086875,81,erdos_renyi_p0_05,100graph_erdos_renyi_p0_05_32v.g6
5,32,26,7,688,723,944,501,764,891,187,1.3732534930139721,82,erdos_renyi_p0_05,100graph_erdos_renyi_p0_05_32v.g6
5,32,28,7,679,712,929,417,675,757,262,1.6282973621103118,83,erdos_renyi_p0_05,100graph_erdos_renyi_p0_05_32v.g6
5,32,23,8,564,605,776,440,701,793,124,1.2818181818181817,84,erdos_renyi_p0_05,100graph_erdos_renyi_p0_05_32v.g6
5,32,23,7,556,574,769,503,753,883,53,1.1053677932405566,85,erdos_renyi_p0_05,100graph_erdos_renyi_p0_05_32v.g6
5,32,23,6,530,533,722,423,639,765,107,1.2529550827423168,86,erdos_renyi_p0_05,100graph_erdos_renyi_p0_05_32v.g6
5,32,33,7,872,926,1198,530,740,908,342,1.6452830188679246,87,erdos_renyi_p0_05,100graph_erdos_renyi_p0_05_32v.g6
5,32,26,7,634,649,871,481,636,809,153,1.318087318087318,88,erdos_renyi_p0_05,100graph_erdos_renyi_p0_05_32v.g6
5,32,23,6,608,644,835,439,658,776,169,1.3849658314350797,89,erdos_renyi_p0_05,100graph_erdos_renyi_p0_05_32v.g6
5,32,25,6,646,665,881,523,757,906,123,1.2351816443594645,90,erdos_renyi_p0_05,100graph_erdos_renyi_p0_05_32v.g6
5,32,23,7,572,599,788,408,586,708,164,1.4019607843137254,91,erdos_renyi_p0_05,100graph_erdos_renyi_p0_05_32v.g6
5,32,39,7,953,989,1309,530,764,933,423,1.7981132075471697,92,erdos_renyi_p0_05,100graph_erdos_renyi_p0_05_32v.g6
5,32,27,7,618,658,854,465,690,834,153,1.3290322580645162,93,erdos_renyi_p0_05,100graph_erdos_renyi_p0_05_32v.g6
5,32,25,7,565,585,767,426,559,725,139,1.3262910798122065,94,erdos_renyi_p0_05,100graph_erdos_renyi_p0_05_32v.g6
5,32,23,6,554,572,752,445,656,775,109,1.2449438202247192,95,erdos_renyi_p0_05,100graph_erdos_renyi_p0_05_32v.g6
5,32,32,8,796,851,1091,479,710,839,317,1.6617954070981211,96,erdos_renyi_p0_05,100graph_erdos_renyi_p0_05_32v.g6
5,32,25,7,571,590,789,420,591,729,151,1.3595238095238096,97,erdos_renyi_p0_05,100graph_erdos_renyi_p0_05_32v.g6
5,32,29,7,716,740,987,482,765,873,234,1.4854771784232366,98,erdos_renyi_p0_05,100graph_erdos_renyi_p0_05_32v.g6
5,32,28,7,756,793,1036,460,695,812,296,1.6434782608695653,99,erdos_renyi_p0_05,100graph_erdos_renyi_p0_05_32v.g6
6,64,102,12,4386,4481,6356,2188,3403,3901,2198,2.004570383912249,0,erdos_renyi_p0_05,100graph_erdos_renyi_p0_05_64v.g6
6,64,99,12,4102,4215,5910,2243,3603,4046,1859,1.8288007133303612,1,erdos_renyi_p0_05,100graph_erdos_renyi_p0_05_64v.g6
6,64,89,11,3640,3714,5238,2269,3500,4019,1371,1.6042309387395328,2,erdos_renyi_p0_05,100graph_erdos_renyi_p0_05_64v.g6
6,64,82,9,3510,3597,5037,2180,3441,3911,1330,1.610091743119266,3,erdos_renyi_p0_05,100graph_erdos_renyi_p0_05_64v.g6
6,64,98,14,4218,4301,6056,2246,3595,4044,1972,1.8780053428317007,4,erdos_renyi_p0_05,100graph_erdos_renyi_p0_05_64v.g6
6,64,106,13,4380,4462,6285,2210,3467,3977,2170,1.9819004524886878,5,erdos_renyi_p0_05,100graph_erdos_renyi_p0_05_64v.g6
6,64,91,11,3916,3981,5649,2229,3498,4004,1687,1.756841633019291,6,erdos_renyi_p0_05,100graph_erdos_renyi_p0_05_64v.g6
6,64,97,11,4026,4127,5778,2250,3465,4015,1776,1.7893333333333334,7,erdos_renyi_p0_05,100graph_erdos_renyi_p0_05_64v.g6
6,64,96,12,4124,4216,5947,2278,3627,4103,1846,1.810359964881475,8,erdos_renyi_p0_05,100graph_erdos_renyi_p0_05_64v.g6
6,64,107,12,4292,4406,6198,2197,3355,3922,2095,1.9535730541647702,9,erdos_renyi_p0_05,100graph_erdos_renyi_p0_05_64v.g6
6,64,117,12,4750,4821,6829,2292,3622,4120,2458,2.0724258289703315,10,erdos_renyi_p0_05,100graph_erdos_renyi_p0_05_64v.g6
6,64,99,13,4238,4316,6082,2241,3445,3987,1997,1.8911200356983489,11,erdos_renyi_p0_05,100graph_erdos_renyi_p0_05_64v.g6
6,64,95,12,3924,4041,5640,2199,3449,3951,1725,1.7844474761255116,12,erdos_renyi_p0_05,100graph_erdos_renyi_p0_05_64v.g6
6,64,105,12,4332,4425,6243,2021,3155,3615,2311,2.1434933201385453,13,erdos_renyi_p0_05,100graph_erdos_renyi_p0_05_64v.g6
6,64,104,12,4198,4255,6028,2322,3673,4185,1876,1.8079242032730405,14,erdos_renyi_p0_05,100graph_erdos_renyi_p0_05_64v.g6
6,64,117,13,4776,4898,6882,2112,3238,3734,2664,2.2613636363636362,15,erdos_renyi_p0_05,100graph_erdos_renyi_p0_05_64v.g6
6,64,108,11,4172,4241,5978,2167,3436,3897,2005,1.9252422704199355,16,erdos_renyi_p0_05,100graph_erdos_renyi_p0_05_64v.g6
6,64,101,13,4404,4486,6351,2174,3452,3909,2230,2.025758969641214,17,erdos_renyi_p0_05,100graph_erdos_renyi_p0_05_64v.g6
6,64,103,12,4240,4346,6086,2245,3476,4019,1995,1.888641425389755,18,erdos_renyi_p0_05,100graph_erdos_renyi_p0_05_64v.g6
6,64,94,12,3578,3688,5109,2151,3364,3866,1427,1.6634123663412366,19,erdos_renyi_p0_05,100graph_erdos_renyi_p0_05_64v.g6
6,64,110,14,4402,4502,6330,2220,3559,3994,2182,1.9828828828828828,20,erdos_renyi_p0_05,100graph_erdos_renyi_p0_05_64v.g6
6,64,100,12,4140,4214,5975,2189,3414,3926,1951,1.8912745545911376,21,erdos_renyi_p0_05,100graph_erdos_renyi_p0_05_64v.g6
6,64,123,12,5012,5116,7196,2169,3362,3883,2843,2.3107422775472566,22,erdos_renyi_p0_05,100graph_erdos_renyi_p0_05_64v.g6
6,64,91,11,3784,3880,5445,2217,3340,3896,1567,1.70681100586378,23,erdos_renyi_p0_05,100graph_erdos_renyi_p0_05_64v.g6
6,64,99,9,4074,4172,5896,2264,3517,4052,1810,1.7994699646643109,24,erdos_renyi_p0_05,100graph_erdos_renyi_p0_05_64v.g6
6,64,100,12,4080,4181,5843,2279,3606,4080,1801,1.790258885476086,25,erdos_renyi_p0_05,100graph_erdos_renyi_p0_05_64v.g6
6,64,98,11,3888,3997,5599,2170,3312,3872,1718,1.791705069124424,26,erdos_renyi_p0_05,100graph_erdos_renyi_p0_05_64v.g6
6,64,76,11,3008,3070,4341,2080,3151,3667,928,1.4461538461538461,27,erdos_renyi_p0_05,100graph_erdos_renyi_p0_05_64v.g6
6,64,108,11,4520,4622,6505,2348,3714,4224,2172,1.9250425894378194,28,erdos_renyi_p0_05,100graph_erdos_renyi_p0_05_64v.g6
6,64,97,11,4062,4124,5781,2099,3261,3756,1963,1.9352072415435921,29,erdos_renyi_p0_05,100graph_erdos_renyi_p0_05_64v.g6
6,64,108,14,4524,4613,6508,2208,3403,3941,2316,2.0489130434782608,30,erdos_renyi_p0_05,100graph_erdos_renyi_p0_05_64v.g6
6,64,89,10,3678,3757,5304,2081,3191,3678,1597,1.7674195098510332,31,erdos_renyi_p0_05,100graph_erdos_renyi_p0_05_64v.g6
6,64,103,15,4128,4219,5913,2272,3568,4062,1856,1.8169014084507042,32,erdos_renyi_p0_05,100graph_erdos_renyi_p0_05_64v.g6
6,64,105,13,4480,4522,6445,2265,3590,4072,2215,1.9779249448123621,33,erdos_renyi_p0_05,100graph_erdos_renyi_p0_05_64v.g6
6,64,101,14,4266,4367,6120,2160,3363,3862,2106,1.975,34,erdos_renyi_p0_05,100graph_erdos_renyi_p0_05_64v.g6
6,64,107,11,4580,4639,6623,2114,3238,3736,2466,2.166508987701041,35,erdos_renyi_p0_05,100graph_erdos_renyi_p0_05_64v.g6
6,64,114,13,4712,4824,6769,2291,3624,4117,2421,2.0567437800087296,36,erdos_renyi_p0_05,100graph_erdos_renyi_p0_05_64v.g6
6,64,108,13,4216,4304,6061,2257,3599,4085,1959,1.8679663269827205,37,erdos_renyi_p0_05,100graph_erdos_renyi_p0_05_64v.g6
6,64,85,12,3498,3597,5034,2107,3426,3836,1391,1.6601803512102515,38,erdos_renyi_p0_05,100graph_erdos_renyi_p0_05_64v.g6
6,64,83,11,3344,3423,4738,2096,3248,3758,1248,1.5954198473282444,39,erdos_renyi_p0_05,100graph_erdos_renyi_p0_05_64v.g6
6,64,92,10,3594,3660,5141,2115,3026,3661,1479,1.699290780141844,40,erdos_renyi_p0_05,100graph_erdos_renyi_p0_05_64v.g6
6,64,99,12,4204,4276,6069,2095,3216,3717,2109,2.0066825775656323,41,erdos_renyi_p0_05,100graph_erdos_renyi_p0_05_64v.g6
6,64,112,10,4532,4634,6540,2360,3575,4187,2172,1.9203389830508475,42,erdos_renyi_p0_05,100graph_erdos_renyi_p0_05_64v.g6
6,64,111,12,4688,4758,6727,2194,3483,3946,2494,2.136736554238833,43,erdos_renyi_p0_05,100graph_erdos_renyi_p0_05_64v.g6
6,64,100,12,4130,4196,5938,2122,3373,3835,2008,1.9462770970782282,44,erdos_renyi_p0_05,100graph_erdos_renyi_p0_05_64v.g6
6,64,89,13,3852,3893,5526,2356,3663,4221,1496,1.634974533106961,45,erdos_renyi_p0_05,100graph_erdos_renyi_p0_05_64v.g6
6,64,115,14,4910,5030,7028,2273,3586,4084,2637,2.1601407831060273,46,erdos_renyi_p0_05,100graph_erdos_renyi_p0_05_64v.g6
6,64,107,13,4590,4668,6562,2223,3566,4010,2367,2.064777327935223,47,erdos_renyi_p0_05,100graph_erdos_renyi_p0_05_64v.g6
6,64,89,9,3682,3769,5290,1959,3051,3528,1723,1.8795303726391015,48,erdos_renyi_p0_05,100graph_erdos_renyi_p0_05_64v.g6
6,64,94,12,3962,4055,5730,2146,3383,3865,1816,1.8462255358807083,49,erdos_renyi_p0_05,100graph_erdos_renyi_p0_05_64v.g6
6,64,79,12,3232,3327,4631,2145,3488,3888,1087,1.5067599067599067,50,erdos_renyi_p0_05,100graph_erdos_renyi_p0_05_64v.g6
6,64,120,15,4990,5101,7211,2249,3562,4049,2741,2.2187638950644732,51,erdos_renyi_p0_05,100graph_erdos_renyi_p0_05_64v.g6
6,64,94,10,3854,3937,5527,2346,3709,4198,1508,1.6427962489343564,52,erdos_renyi_p0_05,100graph_erdos_renyi_p0_05_64v.g6
6,64,86,11,3482,3582,5000,2099,3208,3747,1383,1.6588851834206766,53,erdos_renyi_p0_05,100graph_erdos_renyi_p0_05_64v.g6
6,64,120,13,4982,5090,7185,2176,3413,3898,2806,2.2895220588235294,54,erdos_renyi_p0_05,100graph_erdos_renyi_p0_05_64v.g6
6,64,100,13,4156,4247,5989,2293,3710,4167,1863,1.812472743131269,55,erdos_renyi_p0_05,100graph_erdos_renyi_p0_05_64v.g6
6,64,100,11,4216,4295,6040,2199,3398,3925,2017,1.9172351068667577,56,erdos_renyi_p0_05,100graph_erdos_renyi_p0_05_64v.g6
6,64,94,11,4006,4107,5766,2286,3643,4111,1720,1.7524059492563429,57,erdos_renyi_p0_05,100graph_erdos_renyi_p0_05_64v.g6
6,64,125,13,4926,5081,7047,2352,3794,4255,2574,2.0943877551020407,58,erdos_renyi_p0_05,100graph_erdos_renyi_p0_05_64v.g6
6,64,113,13,4882,4963,7043,2274,3701,4128,2608,2.146877748460862,59,erdos_renyi_p0_05,100graph_erdos_renyi_p0_05_64v.g6
6,64,107,9,4506,4580,6507,2327,3795,4231,2179,1.9363987967339922,60,erdos_renyi_p0_05,100graph_erdos_renyi_p0_05_64v.g6
6,64,92,12,3646,3732,5247,2177,3396,3876,1469,1.6747818098300413,61,erdos_renyi_p0_05,100graph_erdos_renyi_p0_05_64v.g6
6,64,107,11,4510,4623,6459,2235,3508,3998,2275,2.017897091722595,62,erdos_renyi_p0_05,100graph_erdos_renyi_p0_05_64v.g6
6,64,114,12,4796,4886,6911,2158,3350,3857,2638,2.2224281742354033,63,erdos_renyi_p0_05,100graph_erdos_renyi_p0_05_64v.g6
6,64,113,13,4686,4756,6745,2354,3848,4289,2332,1.9906542056074767,64,erdos_renyi_p0_05,100graph_erdos_renyi_p0_05_64v.g6
6,64,107,13,4214,4279,6065,2182,3407,3901,2032,1.931255728689276,65,erdos_renyi_p0_05,100graph_erdos_renyi_p0_05_64v.g6
6,64,90,14,3796,3877,5487,2129,3301,3818,1667,1.782996712071395,66,erdos_renyi_p0_05,100graph_erdos_renyi_p0_05_64v.g6
6,64,91,12,3824,3918,5517,2051,3051,3621,1773,1.864456362749878,67,erdos_renyi_p0_05,100graph_erdos_renyi_p0_05_64v.g6
6,64,94,12,3714,3820,5359,2093,3178,3706,1621,1.7744863831820354,68,erdos_renyi_p0_05,100graph_erdos_renyi_p0_05_64v.g6
6,64,86,10,3562,3640,5129,2194,3464,3957,1368,1.6235186873290792,69,erdos_renyi_p0_05,100graph_erdos_renyi_p0_05_64v.g6
6,64,94,11,3902,4007,5600,2100,3311,3762,1802,1.858095238095238,70,erdos_renyi_p0_05,100graph_erdos_renyi_p0_05_64v.g6
6,64,96,11,4100,4208,5895,2082,3327,3758,2018,1.9692603266090298,71,erdos_renyi_p0_05,100graph_erdos_renyi_p0_05_64v.g6
6,64,103,12,4178,4296,6034,2353,3796,4266,1825,1.7756056098597535,72,erdos_renyi_p0_05,100graph_erdos_renyi_p0_05_64v.g6
6,64,94,10,4026,4128,5808,2345,3787,4238,1681,1.7168443496801706,73,erdos_renyi_p0_05,100graph_erdos_renyi_p0_05_64v.g6
6,64,101,12,4250,4361,6113,2351,3730,4237,1899,1.8077413866439813,74,erdos_renyi_p0_05,100graph_erdos_renyi_p0_05_64v.g6
6,64,117,13,4910,5013,7049,2308,3679,4157,2602,2.1273830155979203,75,erdos_renyi_p0_05,100graph_erdos_renyi_p0_05_64v.g6
6,64,107,13,4524,4594,6469,2053,3179,3667,2471,2.2036044812469555,76,erdos_renyi_p0_05,100graph_erdos_renyi_p0_05_64v.g6
6,64,115,13,4758,4850,6802,2209,3485,3978,2549,2.153915799004074,77,erdos_renyi_p0_05,100graph_erdos_renyi_p0_05_64v.g6
6,64,107,13,4270,4399,6147,2270,3531,4038,2000,1.881057268722467,78,erdos_renyi_p0_05,100graph_erdos_renyi_p0_05_64v.g6
6,64,87,10,3488,3573,5040,2088,3098,3673,1400,1.6704980842911878,79,erdos_renyi_p0_05,100graph_erdos_renyi_p0_05_64v.g6
6,64,91,10,3716,3792,5349,2155,3400,3874,1561,1.7243619489559165,80,erdos_renyi_p0_05,100graph_erdos_renyi_p0_05_64v.g6
6,64,106,12,4322,4405,6236,2199,3451,3919,2123,1.9654388358344703,81,erdos_renyi_p0_05,100graph_erdos_renyi_p0_05_64v.g6
6,64,126,12,5230,5301,7528,2178,3409,3906,3052,2.401285583103765,82,erdos_renyi_p0_05,100graph_erdos_renyi_p0_05_64v.g6
6,64,100,11,3994,4091,5744,2266,3550,4077,1728,1.7625772285966461,83,erdos_renyi_p0_05,100graph_erdos_renyi_p0_05_64v.g6
6,64,112,13,4652,4768,6674,2313,3606,4142,2339,2.011240812797233,84,erdos_renyi_p0_05,100graph_erdos_renyi_p0_05_64v.g6
6,64,87,11,3622,3696,5213,2217,3449,3941,1405,1.6337392873252143,85,erdos_renyi_p0_05,100graph_erdos_renyi_p0_05_64v.g6
6,64,108,13,4504,4554,6449,2210,3431,3928,2294,2.0380090497737555,86,erdos_renyi_p0_05,100graph_erdos_renyi_p0_05_64v.g6
6,64,87,10,3600,3679,5155,2201,3454,3929,1399,1.635620172648796,87,erdos_renyi_p0_05,100graph_erdos_renyi_p0_05_64v.g6
6,64,95,12,3876,3978,5599,2292,3652,4117,1584,1.6910994764397906,88,erdos_renyi_p0_05,100graph_erdos_renyi_p0_05_64v.g6
6,64,98,12,3974,4031,5674,2192,3380,3909,1782,1.812956204379562,89,erdos_renyi_p0_05,100graph_erdos_renyi_p0_05_64v.g6
6,64,89,11,3616,3705,5176,2122,3057,3681,1494,1.704052780395853,90,erdos_renyi_p0_05,100graph_erdos_renyi_p0_05_64v.g6
6,64,91,10,3908,4001,5621,2329,3632,4152,1579,1.677973379132675,91,erdos_renyi_p0_05,100graph_erdos_renyi_p0_05_64v.g6
6,64,87,9,3444,3553,4963,2094,3207,3723,1350,1.6446991404011462,92,erdos_renyi_p0_05,100graph_erdos_renyi_p0_05_64v.g6
6,64,91,10,3618,3722,5244,1957,2970,3461,1661,1.8487480838017374,93,erdos_renyi_p0_05,100graph_erdos_renyi_p0_05_64v.g6
6,64,94,8,3880,3932,5565,1903,2823,3348,1977,2.038885969521808,94,erdos_renyi_p0_05,100graph_erdos_renyi_p0_05_64v.g6
6,64,99,12,3952,4033,5680,2248,3539,4025,1704,1.7580071174377223,95,erdos_renyi_p0_05,100graph_erdos_renyi_p0_05_64v.g6
6,64,92,10,3626,3711,5206,2211,3430,3934,1415,1.6399819086386251,96,erdos_renyi_p0_05,100graph_erdos_renyi_p0_05_64v.g6
6,64,85,11,3688,3771,5279,2288,3627,4107,1400,1.6118881118881119,97,erdos_renyi_p0_05,100graph_erdos_renyi_p0_05_64v.g6
6,64,132,13,5434,5553,7852,2209,3360,3912,3225,2.4599366229062922,98,erdos_renyi_p0_05,100graph_erdos_renyi_p0_05_64v.g6
6,64,82,9,3340,3401,4782,1990,2894,3449,1350,1.678391959798995,99,erdos_renyi_p0_05,100graph_erdos_renyi_p0_05_64v.g6
7,128,398,19,23248,23112,29452,9403,15292,17111,13845,2.472402424758056,0,erdos_renyi_p0_05,100graph_erdos_renyi_p0_05_128v.g6
7,128,394,20,22502,22402,28644,9332,15192,16968,13170,2.411273039005572,1,erdos_renyi_p0_05,100graph_erdos_renyi_p0_05_128v.g6
7,128,399,18,23748,23586,30237,9397,15210,17025,14351,2.527189528572949,2,erdos_renyi_p0_05,100graph_erdos_renyi_p0_05_128v.g6
7,128,410,20,23900,23765,30466,9476,15329,17218,14424,2.5221612494723513,3,erdos_renyi_p0_05,100graph_erdos_renyi_p0_05_128v.g6
7,128,394,21,22862,22723,29108,9480,15401,17204,13382,2.411603375527426,4,erdos_renyi_p0_05,100graph_erdos_renyi_p0_05_128v.g6
7,128,433,24,25452,25269,32437,9440,15308,17131,16012,2.696186440677966,5,erdos_renyi_p0_05,100graph_erdos_renyi_p0_05_128v.g6
7,128,388,19,22862,22702,29069,9354,14998,16896,13508,2.4440880906564035,6,erdos_renyi_p0_05,100graph_erdos_renyi_p0_05_128v.g6
7,128,394,19,23054,22849,29294,9406,15342,17147,13648,2.450988730597491,7,erdos_renyi_p0_05,100graph_erdos_renyi_p0_05_128v.g6
7,128,362,17,21050,20929,26832,9502,15258,17186,11548,2.215323089875816,8,erdos_renyi_p0_05,100graph_erdos_renyi_p0_05_128v.g6
7,128,414,20,24108,24001,30618,9328,14953,16868,14780,2.584476843910806,9,erdos_renyi_p0_05,100graph_erdos_renyi_p0_05_128v.g6
7,128,401,19,23050,22930,29390,9042,14360,16285,14008,2.549214775492148,10,erdos_renyi_p0_05,100graph_erdos_renyi_p0_05_128v.g6
7,128,408,18,23840,23665,30353,9504,15413,17278,14336,2.508417508417508,11,erdos_renyi_p0_05,100graph_erdos_renyi_p0_05_128v.g6
7,128,413,22,24102,23879,30727,9299,15114,16889,14803,2.591891601247446,12,erdos_renyi_p0_05,100graph_erdos_renyi_p0_05_128v.g6
7,128,384,19,22102,21947,28143,9204,14823,16700,12898,2.401347240330291,13,erdos_renyi_p0_05,100graph_erdos_renyi_p0_05_128v.g6
7,128,412,20,23970,23818,30539,9332,15001,16873,14638,2.568581225889413,14,erdos_renyi_p0_05,100graph_erdos_renyi_p0_05_128v.g6
7,128,394,20,23120,22979,29380,9456,15489,17234,13664,2.4450084602368864,15,erdos_renyi_p0_05,100graph_erdos_renyi_p0_05_128v.g6
7,128,412,20,24164,24052,30736,9483,15523,17264,14681,2.5481387746493724,16,erdos_renyi_p0_05,100graph_erdos_renyi_p0_05_128v.g6
7,128,429,19,25212,25086,32069,9490,15445,17279,15722,2.6566912539515277,17,erdos_renyi_p0_05,100graph_erdos_renyi_p0_05_128v.g6
7,128,417,19,24130,24009,30719,9373,15230,17033,14757,2.574415875386749,18,erdos_renyi_p0_05,100graph_erdos_renyi_p0_05_128v.g6
7,128,432,22,25564,25293,32486,9317,15012,16891,16247,2.743801652892562,19,erdos_renyi_p0_05,100graph_erdos_renyi_p0_05_128v.g6
7,128,404,19,23286,23200,29632,9713,15676,17594,13573,2.397405538968393,20,erdos_renyi_p0_05,100graph_erdos_renyi_p0_05_128v.g6
7,128,412,22,23996,23848,30471,9249,14971,16794,14747,2.594442642447832,21,erdos_renyi_p0_05,100graph_erdos_renyi_p0_05_128v.g6
7,128,410,20,24096,23966,30725,9389,14962,16984,14707,2.5664074981361167,22,erdos_renyi_p0_05,100graph_erdos_renyi_p0_05_128v.g6
7,128,439,20,25454,25292,32466,9639,15577,17468,15815,2.6407303662205623,23,erdos_renyi_p0_05,100graph_erdos_renyi_p0_05_128v.g6
7,128,425,20,24894,24722,31630,9470,15337,17177,15424,2.6287222808870117,24,erdos_renyi_p0_05,100graph_erdos_renyi_p0_05_128v.g6
7,128,404,21,23252,23122,29612,9275,15063,16852,13977,2.506954177897574,25,erdos_renyi_p0_05,100graph_erdos_renyi_p0_05_128v.g6
7,128,384,20,22522,22350,28748,9382,15002,16887,13140,2.400554252824558,26,erdos_renyi_p0_05,100graph_erdos_renyi_p0_05_128v.g6
7,128,394,19,23166,23015,29569,9334,15184,16989,13832,2.481894150417827,27,erdos_renyi_p0_05,100graph_erdos_renyi_p0_05_128v.g6
7,128,379,21,22400,22264,28524,9445,15363,17172,12955,2.371625198517734,28,erdos_renyi_p0_05,100graph_erdos_renyi_p0_05_128v.g6
7,128,421,23,24346,24163,31016,9331,14922,16838,15015,2.609152288072018,29,erdos_renyi_p0_05,100graph_erdos_renyi_p0_05_128v.g6
7,128,425,22,24804,24784,31578,9495,15495,17301,15309,2.6123222748815165,30,erdos_renyi_p0_05,100graph_erdos_renyi_p0_05_128v.g6
7,128,386,19,22316,22178,28333,9434,15205,17104,12882,2.365486538053848,31,erdos_renyi_p0_05,100graph_erdos_renyi_p0_05_128v.g6
7,128,411,21,23902,23710,30483,9336,15059,16941,14566,2.560197086546701,32,erdos_renyi_p0_05,100graph_erdos_renyi_p0_05_128v.g6
7,128,385,19,22232,22051,28285,9380,15255,17079,12852,2.370149253731343,33,erdos_renyi_p0_05,100graph_erdos_renyi_p0_05_128v.g6
7,128,399,19,23476,23315,29923,9483,15331,17215,13993,2.475587894126331,34,erdos_renyi_p0_05,100graph_erdos_renyi_p0_05_128v.g6
7,128,409,20,23620,23512,30099,9432,15159,17049,14188,2.5042408821034776,35,erdos_renyi_p0_05,100graph_erdos_renyi_p0_05_128v.g6
7,128,376,21,21802,21634,27775,9472,15434,17246,12330,2.301731418918919,36,erdos_renyi_p0_05,100graph_erdos_renyi_p0_05_128v.g6
7,128,419,20,24172,24066,30708,9497,15311,17224,14675,2.5452248078340527,37,erdos_renyi_p0_05,100graph_erdos_renyi_p0_05_128v.g6
7,128,389,18,22784,22652,28933,9586,15648,17477,13198,2.3767994992697683,38,erdos_renyi_p0_05,100graph_erdos_renyi_p0_05_128v.g6
7,128,392,18,22752,22658,28911,9496,15439,17260,13256,2.395956192080876,39,erdos_renyi_p0_05,100graph_erdos_renyi_p0_05_128v.g6
7,128,428,19,25466,25243,32441,9331,14992,16897,16135,2.7291822955738936,40,erdos_renyi_p0_05,100graph_erdos_renyi_p0_05_128v.g6
7,128,449,20,26384,26169,33488,9715,15855,17693,16669,2.7158003088008233,41,erdos_renyi_p0_05,100graph_erdos_renyi_p0_05_128v.g6
7,128,388,17,22786,22634,28995,9286,14667,16681,13500,2.453801421494723,42,erdos_renyi_p0_05,100graph_erdos_renyi_p0_05_128v.g6
7,128,409,20,24396,24212,31078,9457,15180,17089,14939,2.5796764301575554,43,erdos_renyi_p0_05,100graph_erdos_renyi_p0_05_128v.g6
7,128,402,20,23648,23476,30111,9622,15647,17474,14026,2.4577011016420705,44,erdos_renyi_p0_05,100graph_erdos_renyi_p0_05_128v.g6
7,128,404,19,23764,23553,30221,9541,15379,17292,14223,2.490724242741851,45,erdos_renyi_p0_05,100graph_erdos_renyi_p0_05_128v.g6
7,128,407,18,23482,23372,29944,9448,15190,17091,14034,2.485393734123624,46,erdos_renyi_p0_05,100graph_erdos_renyi_p0_05_128v.g6
7,128,399,19,23096,23027,29379,9437,15312,17130,13659,2.447387941082971,47,erdos_renyi_p0_05,100graph_erdos_renyi_p0_05_128v.g6
7,128,382,19,22584,22441,28771,9409,15073,16995,13175,2.40025507492826,48,erdos_renyi_p0_05,100graph_erdos_renyi_p0_05_128v.g6
7,128,374,23,21898,21749,27743,9385,15200,17048,12513,2.3332978156632924,49,erdos_renyi_p0_05,100graph_erdos_renyi_p0_05_128v.g6
7,128,392,19,22932,22826,29252,9395,15070,16964,13537,2.4408728046833423,50,erdos_renyi_p0_05,100graph_erdos_renyi_p0_05_128v.g6
7,128,408,19,23890,23754,30333,9551,15384,17262,14339,2.5013087634802638,51,erdos_renyi_p0_05,100graph_erdos_renyi_p0_05_128v.g6
7,128,388,19,23022,22908,29321,9558,15655,17414,13464,2.408662900188324,52,erdos_renyi_p0_05,100graph_erdos_renyi_p0_05_128v.g6
7,128,426,22,24820,24609,31699,9391,15213,17051,15429,2.642956021722926,53,erdos_renyi_p0_05,100graph_erdos_renyi_p0_05_128v.g6
7,128,424,20,24980,24868,31731,9308,15075,16906,15672,2.683712935109583,54,erdos_renyi_p0_05,100graph_erdos_renyi_p0_05_128v.g6
7,128,432,19,25338,25217,32233,9474,15273,17160,15864,2.674477517416086,55,erdos_renyi_p0_05,100graph_erdos_renyi_p0_05_128v.g6
7,128,384,20,22632,22483,28826,9464,15242,17085,13168,2.3913778529163143,56,erdos_renyi_p0_05,100graph_erdos_renyi_p0_05_128v.g6
7,128,407,18,23822,23650,30387,9551,15535,17353,14271,2.4941890901476285,57,erdos_renyi_p0_05,100graph_erdos_renyi_p0_05_128v.g6
7,128,400,17,23362,23248,29676,9395,15181,17002,13967,2.486641830761043,58,erdos_renyi_p0_05,100graph_erdos_renyi_p0_05_128v.g6
7,128,440,23,25242,25125,32042,9444,15135,17081,15798,2.672808132147395,59,erdos_renyi_p0_05,100graph_erdos_renyi_p0_05_128v.g6
7,128,427,19,24698,24578,31410,9222,14875,16736,15476,2.67816091954023,60,erdos_renyi_p0_05,100graph_erdos_renyi_p0_05_128v.g6
7,128,442,20,26338,26142,33439,9730,15901,17725,16608,2.70688591983556,61,erdos_renyi_p0_05,100graph_erdos_renyi_p0_05_128v.g6
7,128,386,18,23002,22821,29291,9312,14978,16859,13690,2.4701460481099655,62,erdos_renyi_p0_05,100graph_erdos_renyi_p0_05_128v.g6
7,128,446,23,25976,25867,32991,9481,15348,17196,16495,2.7397953802341526,63,erdos_renyi_p0_05,100graph_erdos_renyi_p0_05_128v.g6
7,128,393,25,23170,22999,29468,9271,15018,16866,13899,2.4991910257793117,64,erdos_renyi_p0_05,100graph_erdos_renyi_p0_05_128v.g6
7,128,396,19,23476,23278,29805,9417,15154,17058,14059,2.492938303068918,65,erdos_renyi_p0_05,100graph_erdos_renyi_p0_05_128v.g6
7,128,418,20,24826,24700,31629,9390,15168,17008,15436,2.6438764643237485,66,erdos_renyi_p0_05,100graph_erdos_renyi_p0_05_128v.g6
7,128,451,20,26230,26049,33342,9445,15295,17125,16785,2.777130757014293,67,erdos_renyi_p0_05,100graph_erdos_renyi_p0_05_128v.g6
7,128,415,17,24560,24375,31258,9162,14818,16668,15398,2.680637415411482,68,erdos_renyi_p0_05,100graph_erdos_renyi_p0_05_128v.g6
7,128,407,20,23708,23561,30178,9351,15068,16974,14357,2.535343813495883,69,erdos_renyi_p0_05,100graph_erdos_renyi_p0_05_128v.g6
7,128,427,20,25154,24990,32036,9555,15338,17280,15599,2.6325484039769753,70,erdos_renyi_p0_05,100graph_erdos_renyi_p0_05_128v.g6
7,128,373,22,21792,21662,27636,9579,15564,17358,12213,2.2749765111180706,71,erdos_renyi_p0_05,100graph_erdos_renyi_p0_05_128v.g6
7,128,429,20,25344,25117,32236,9424,15333,17142,15920,2.6893039049235994,72,erdos_renyi_p0_05,100graph_erdos_renyi_p0_05_128v.g6
7,128,406,21,23596,23419,29925,9524,15455,17296,14072,2.477530449391012,73,erdos_renyi_p0_05,100graph_erdos_renyi_p0_05_128v.g6
7,128,421,20,24238,24124,30842,9341,14984,16892,14897,2.5947971309281663,74,erdos_renyi_p0_05,100graph_erdos_renyi_p0_05_128v.g6
7,128,412,20,23970,23852,30469,9232,14947,16781,14738,2.5964038128249567,75,erdos_renyi_p0_05,100graph_erdos_renyi_p0_05_128v.g6
7,128,411,22,24456,24307,31149,9162,14779,16622,15294,2.6692861820563194,76,erdos_renyi_p0_05,100graph_erdos_renyi_p0_05_128v.g6
7,128,429,22,25152,24995,31998,9493,15299,17190,15659,2.6495312335405035,77,erdos_renyi_p0_05,100graph_erdos_renyi_p0_05_128v.g6
7,128,391,19,22830,22666,29020,9330,15060,16880,13500,2.446945337620579,78,erdos_renyi_p0_05,100graph_erdos_renyi_p0_05_128v.g6
7,128,399,20,23346,23195,29673,9476,15422,17209,13870,2.463697762769101,79,erdos_renyi_p0_05,100graph_erdos_renyi_p0_05_128v.g6
7,128,365,18,21434,21342,27210,9537,15399,17264,11897,2.247457271678725,80,erdos_renyi_p0_05,100graph_erdos_renyi_p0_05_128v.g6
7,128,382,18,22670,22504,28781,9322,15078,16938,13348,2.431881570478438,81,erdos_renyi_p0_05,100graph_erdos_renyi_p0_05_128v.g6
7,128,412,19,24004,23901,30598,9545,15466,17311,14459,2.514824515453117,82,erdos_renyi_p0_05,100graph_erdos_renyi_p0_05_128v.g6
7,128,392,18,23102,22920,29459,9517,15241,17176,13585,2.427445623620889,83,erdos_renyi_p0_05,100graph_erdos_renyi_p0_05_128v.g6
7,128,412,20,24070,23865,30652,9390,15251,17121,14680,2.5633652822151225,84,erdos_renyi_p0_05,100graph_erdos_renyi_p0_05_128v.g6
7,128,419,22,24858,24669,31613,9448,15294,17143,15410,2.631033022861981,85,erdos_renyi_p0_05,100graph_erdos_renyi_p0_05_128v.g6
7,128,389,21,22820,22668,29051,9131,14636,16523,13689,2.499178622275764,86,erdos_renyi_p0_05,100graph_erdos_renyi_p0_05_128v.g6
7,128,445,19,26426,26273,33628,9384,15185,17038,17042,2.8160699062233587,87,erdos_renyi_p0_05,100graph_erdos_renyi_p0_05_128v.g6
7,128,413,24,24274,24095,30851,9356,15116,16964,14918,2.5944848225737496,88,erdos_renyi_p0_05,100graph_erdos_renyi_p0_05_128v.g6
7,128,421,20,24550,24436,31287,9545,15434,17301,15005,2.572027239392352,89,erdos_renyi_p0_05,100graph_erdos_renyi_p0_05_128v.g6
7,128,380,19,22418,22274,28528,9456,15234,17120,12962,2.370769881556684,90,erdos_renyi_p0_05,100graph_erdos_renyi_p0_05_128v.g6
7,128,386,21,22436,22334,28652,9350,15192,16983,13086,2.399572192513369,91,erdos_renyi_p0_05,100graph_erdos_renyi_p0_05_128v.g6
7,128,402,19,23574,23448,29986,9495,15517,17296,14079,2.482780410742496,92,erdos_renyi_p0_05,100graph_erdos_renyi_p0_05_128v.g6
7,128,366,18,21388,21268,27225,9459,15228,17117,11929,2.2611269690242097,93,erdos_renyi_p0_05,100graph_erdos_renyi_p0_05_128v.g6
7,128,404,22,23986,23882,30394,9222,14898,16746,14764,2.6009542398612013,94,erdos_renyi_p0_05,100graph_erdos_renyi_p0_05_128v.g6
7,128,427,20,24912,24793,31684,9471,15424,17232,15441,2.630345264491606,95,erdos_renyi_p0_05,100graph_erdos_renyi_p0_05_128v.g6
7,128,376,18,22310,22143,28394,9580,15555,17434,12730,2.3288100208768268,96,erdos_renyi_p0_05,100graph_erdos_renyi_p0_05_128v.g6
7,128,429,20,25250,25049,32073,9401,14975,16953,15849,2.6858844803744284,97,erdos_renyi_p0_05,100graph_erdos_renyi_p0_05_128v.g6
7,128,406,20,23634,23480,30065,9384,15098,16991,14250,2.518542199488491,98,erdos_renyi_p0_05,100graph_erdos_renyi_p0_05_128v.g6
7,128,416,18,24166,24020,30757,9289,14858,16775,14877,2.6015717515340726,99,erdos_renyi_p0_05,100graph_erdos_renyi_p0_05_128v.g6
